{
  "metrics": {
    "accuracy": 0.98805256869773,
    "precision": 0.9903846153846154,
    "recall": 0.9196428571428571,
    "f1_score": 0.9537037037037037,
    "threshold": 0.5
  },
  "classification_report": {
    "ham": {
      "precision": 0.9877216916780355,
      "recall": 0.9986206896551724,
      "f1-score": 0.9931412894375857,
      "support": 725.0
    },
    "spam": {
      "precision": 0.9903846153846154,
      "recall": 0.9196428571428571,
      "f1-score": 0.9537037037037037,
      "support": 112.0
    },
    "accuracy": 0.98805256869773,
    "macro avg": {
      "precision": 0.9890531535313254,
      "recall": 0.9591317733990148,
      "f1-score": 0.9734224965706447,
      "support": 837.0
    },
    "weighted avg": {
      "precision": 0.988078020776168,
      "recall": 0.98805256869773,
      "f1-score": 0.9878640975592168,
      "support": 837.0
    }
  },
  "confusion_matrix": [
    [
      724,
      1
    ],
    [
      9,
      103
    ]
  ]
}